campaign_id,date,channel,impression,click,cost,revenue
C0001,2025-06-07,Douyin,663918,21764,5342,14438.69
C0002,2025-03-25,Douyin,404097,41095,3869,8520.02
C0003,2025-05-01,XHS,667621,64055,8313,29822.06
C0004,2025-06-11,Douyin,697381,44555,9213,27834.87
C0005,2025-01-06,Douyin,356748,21297,6779,16691.31
C0006,2025-06-29,Wechat,518476,38128,18479,71864.32
C0007,2025-03-07,XHS,742499,35244,14147,28346.73
C0008,2025-03-05,Douyin,119388,4653,13584,22010.14
C0009,2025-01-07,Google,536241,76036,3111,6111.08
C0010,2025-04-19,Douyin,577070,26105,4691,9979.0
C0011,2025-01-29,Douyin,570516,68958,7594,9459.53
C0012,2025-04-17,Google,125899,8220,19510,77287.66
C0013,2025-04-12,Douyin,505863,30978,10243,28947.52
C0014,2025-03-02,Wechat,568528,53665,16986,65669.43
C0015,2025-05-12,Douyin,134652,14374,15426,47732.99
C0016,2025-04-30,XHS,233238,23839,13070,49520.99
C0017,2025-03-14,XHS,336017,47237,11298,12992.24
C0018,2025-02-25,Douyin,772810,68173,19238,69410.23
C0019,2025-02-20,Douyin,486086,17953,11578,34726.31
C0020,2025-05-11,Douyin,564177,48416,16119,60003.21
C0021,2025-06-02,Google,685431,40556,10676,12198.76
C0022,2025-05-29,Google,319094,14316,3999,7131.86
C0023,2025-05-27,Douyin,235228,15713,10532,31626.67
C0024,2025-03-27,Google,742605,75068,5551,10435.78
C0025,2025-01-17,Google,737732,102087,11347,43718.28
C0026,2025-06-27,XHS,598825,20228,16332,53519.11
C0027,2025-02-16,XHS,385874,57796,11361,42665.45
C0028,2025-02-10,Google,548279,74267,9917,22102.12
C0029,2025-01-07,Wechat,323148,32018,13013,46397.58
C0030,2025-05-21,Google,701435,26590,14284,29027.83
C0031,2025-05-19,Wechat,754641,46424,14149,14733.94
C0032,2025-06-08,Douyin,385639,45258,7638,13798.97
C0033,2025-03-17,Wechat,419215,51245,18005,53483.44
C0034,2025-01-14,XHS,163502,24272,17845,57903.25
C0035,2025-03-11,Douyin,365733,21214,7500,15701.58
C0036,2025-06-26,XHS,726948,58092,14486,20703.9
C0037,2025-02-16,Wechat,370594,25561,9811,25121.61
C0038,2025-01-29,Douyin,729305,62409,14069,47184.17
C0039,2025-03-12,XHS,151004,12559,6843,18341.97
C0040,2025-03-21,Google,405678,36686,13896,45741.08
C0041,2025-03-15,Google,654440,91612,8966,16418.25
C0042,2025-04-01,Douyin,526987,44778,8495,24107.62
C0043,2025-06-23,Douyin,556687,79424,7586,20024.11
C0044,2025-02-06,XHS,334538,39557,12625,33333.06
C0045,2025-03-27,Google,176636,23402,14152,41931.0
C0046,2025-04-06,Douyin,772941,26570,6468,19116.4
C0047,2025-04-26,Douyin,381251,34458,10292,31790.65
C0048,2025-04-02,Wechat,417150,20535,12847,16337.07
C0049,2025-02-11,Douyin,578180,62506,16813,40821.37
C0050,2025-06-29,XHS,486105,47204,4351,10389.14
C0051,2025-06-28,XHS,770990,46560,4428,10143.86
C0052,2025-05-24,Douyin,147958,5394,14892,44589.76
C0053,2025-06-19,XHS,685614,38561,13432,28929.16
C0054,2025-03-22,Wechat,117655,4766,14147,55323.39
C0055,2025-06-30,Google,757426,53346,17737,55231.58
C0056,2025-01-03,Wechat,767086,51112,12168,20961.42
C0057,2025-02-19,Google,646315,90985,19994,41441.01
C0058,2025-05-01,Douyin,218086,7321,17507,69841.35
C0059,2025-03-24,Google,167828,22239,5143,8901.69
C0060,2025-04-03,XHS,721430,79702,17948,60954.07
C0061,2025-06-22,XHS,209296,19684,11642,16224.57
C0062,2025-01-06,Douyin,541431,23189,8363,22021.05
C0063,2025-05-10,Google,204298,30452,14227,44019.55
C0064,2025-05-24,Wechat,486247,16937,5173,16828.1
C0065,2025-05-21,Douyin,640104,95091,4585,12116.4
C0066,2025-04-25,XHS,343409,31441,9491,37439.33
C0067,2025-04-16,Google,435511,55958,7871,11576.04
C0068,2025-04-03,Douyin,488351,58831,11285,25774.36
C0069,2025-05-15,Google,750391,67934,12513,37289.72
C0070,2025-05-04,Google,240738,16313,4863,14132.67
C0071,2025-04-21,Google,475727,48402,14389,39140.06
C0072,2025-01-26,Google,209218,9895,10746,24710.75
C0073,2025-02-01,Google,691725,83204,9482,24583.77
C0074,2025-06-05,XHS,593980,43368,4636,11098.87
C0075,2025-02-20,Douyin,628302,21552,6058,11925.87
C0076,2025-04-16,Douyin,616545,34914,3531,13575.43
C0077,2025-04-20,Wechat,680507,32569,19203,60420.08
C0078,2025-05-17,XHS,491493,51429,17386,17592.23
C0079,2025-02-19,Douyin,245762,20350,8429,24427.5
C0080,2025-02-08,Google,520397,59798,7761,30881.49
C0081,2025-01-30,Douyin,260229,24635,14908,50834.15
C0082,2025-03-07,Douyin,761336,39889,7566,26419.89
C0083,2025-06-17,Google,343232,46289,5082,19693.53
C0084,2025-03-23,Google,356958,21309,11001,27073.83
C0085,2025-03-20,Wechat,243515,25173,18739,47969.64
C0086,2025-01-13,Douyin,728236,27715,12824,20863.64
C0087,2025-06-26,Google,439266,54322,4288,4834.19
C0088,2025-05-20,Douyin,686023,61846,9408,30513.92
C0089,2025-05-09,Wechat,255986,7699,10074,17628.6
C0090,2025-04-27,Wechat,761355,93771,9893,32781.92
C0091,2025-05-05,Douyin,286708,32026,17961,34612.1
C0092,2025-05-25,Wechat,588547,22068,4519,6829.93
C0093,2025-03-25,Douyin,537669,24205,9217,23999.75
C0094,2025-03-23,XHS,653418,36538,14324,16000.95
C0095,2025-06-16,Douyin,157247,13431,6913,15978.56
C0096,2025-02-06,Douyin,129101,13142,13267,39534.55
C0097,2025-04-15,Douyin,566717,30854,4144,10323.34
C0098,2025-06-24,Douyin,412644,37292,17734,23466.21
C0099,2025-04-15,Wechat,213831,22711,9876,23830.99
C0100,2025-02-01,Douyin,111611,15205,15174,60357.75
C0101,2025-06-06,Douyin,408071,13226,10485,25685.41
C0102,2025-03-12,Wechat,210482,15180,17941,48859.86
C0103,2025-06-21,Google,434766,41745,3492,6118.17
C0104,2025-05-17,Google,162547,24163,3071,10981.22
C0105,2025-02-23,Wechat,192134,27774,6290,7399.48
C0106,2025-03-14,Douyin,276203,33364,19367,46895.53
C0107,2025-05-17,Wechat,769549,39205,4424,12869.85
C0108,2025-03-31,XHS,158360,23575,9541,38122.8
C0109,2025-05-15,Google,103417,13158,5406,9101.34
C0110,2025-03-06,XHS,575734,22637,10138,13823.82
C0111,2025-06-20,XHS,328955,20267,19192,44990.1
C0112,2025-03-09,Wechat,640390,33104,10123,35489.54
C0113,2025-04-30,Wechat,792891,86034,15928,59621.07
C0114,2025-01-13,Google,610566,52984,18009,67219.35
C0115,2025-01-30,Google,732148,65228,4179,13623.49
C0116,2025-01-24,XHS,159831,20568,19791,55136.87
C0117,2025-04-20,Douyin,600529,85431,11152,39558.47
C0118,2025-04-24,Douyin,523847,33330,19818,42707.37
C0119,2025-06-21,Douyin,529055,74960,14823,23881.39
C0120,2025-01-26,Wechat,677954,50263,9077,26141.73
C0121,2025-02-11,XHS,550360,45573,7014,18100.95
C0122,2025-01-03,Wechat,306538,39306,10724,12811.46
C0123,2025-06-14,XHS,633074,34678,17140,45844.57
C0124,2025-05-29,Wechat,718962,42596,14356,18210.39
C0125,2025-02-25,Wechat,119535,10925,5173,15494.58
C0126,2025-04-12,Douyin,226042,28265,5193,5693.45
C0127,2025-04-17,Google,495731,41169,10144,21117.32
C0128,2025-04-10,Wechat,251068,28008,6265,23168.95
C0129,2025-01-16,Wechat,546855,57246,12245,45991.96
C0130,2025-05-26,XHS,471620,54229,7333,27794.78
C0131,2025-05-25,Wechat,655919,61735,12282,17134.31
C0132,2025-04-02,Douyin,759344,55238,13412,28666.32
C0133,2025-01-12,Douyin,308502,17530,10439,27689.2
C0134,2025-03-17,XHS,664129,91780,11229,18545.21
C0135,2025-02-10,XHS,510002,63586,4340,16617.8
C0136,2025-01-21,Douyin,454093,22661,17258,61240.84
C0137,2025-03-19,XHS,772578,89153,6366,24057.21
C0138,2025-04-03,Douyin,616866,18778,9061,33999.46
C0139,2025-05-04,Douyin,189871,27905,5589,14334.31
C0140,2025-06-15,Google,416360,30178,5117,19508.44
C0141,2025-06-06,Google,635562,79756,19200,52130.0
C0142,2025-05-29,Douyin,697539,99286,19775,30282.66
C0143,2025-05-23,Douyin,568593,57007,10327,18156.63
C0144,2025-05-09,Google,239569,11399,4126,4325.2
C0145,2025-02-11,Douyin,237094,11369,19128,40440.55
C0146,2025-05-21,Wechat,407680,19033,15203,35906.61
C0147,2025-03-19,Google,346786,49299,15456,25894.18
C0148,2025-03-23,Google,675924,85431,15105,26475.48
C0149,2025-01-26,XHS,752477,45157,11071,40286.86
C0150,2025-03-02,Wechat,773266,45277,6794,12682.56
C0151,2025-02-04,XHS,166034,24380,10517,19648.2
C0152,2025-01-22,Douyin,637832,62008,9808,24956.19
C0153,2025-05-28,Google,480399,67046,4638,12658.48
C0154,2025-06-29,Douyin,550139,45792,5545,9317.59
C0155,2025-01-13,Douyin,399300,30499,10198,18614.96
C0156,2025-06-29,Google,593327,29455,14788,31829.11
C0157,2025-01-18,Google,231499,24554,19034,54743.24
C0158,2025-04-21,Douyin,666581,21910,14772,36511.18
C0159,2025-03-02,Google,327651,32977,11395,35312.66
C0160,2025-02-09,XHS,250727,15424,17364,45178.25
C0161,2025-01-15,XHS,209804,30161,6577,18569.78
C0162,2025-05-10,Douyin,740722,98559,18131,48372.87
C0163,2025-04-20,Douyin,401645,56418,9656,15843.34
C0164,2025-02-23,XHS,190127,22129,18780,23666.48
C0165,2025-06-22,XHS,540628,74963,13483,33258.88
C0166,2025-06-29,XHS,211159,17608,5122,16034.84
C0167,2025-04-27,Google,613728,68971,14410,35680.34
C0168,2025-03-09,XHS,639487,90049,16197,38082.0
C0169,2025-06-24,Douyin,481054,71750,3423,9448.67
C0170,2025-03-09,Wechat,678302,23165,15558,61380.36
C0171,2025-02-02,Wechat,721955,90120,14926,22626.61
C0172,2025-04-08,XHS,359645,46455,3065,5508.14
C0173,2025-05-12,XHS,115459,10218,11958,28369.5
C0174,2025-05-12,Google,572861,60493,19304,68651.73
C0175,2025-05-18,Google,626200,37389,13793,27022.09
C0176,2025-04-11,Wechat,662757,23866,8127,25774.79
C0177,2025-05-24,Douyin,267505,36310,3621,11710.35
C0178,2025-01-25,Douyin,447463,28864,16611,56982.61
C0179,2025-05-10,Douyin,467248,46347,10071,29287.4
C0180,2025-02-20,Google,739447,61524,8363,24243.37
C0181,2025-06-04,Wechat,156754,16344,13089,36684.61
C0182,2025-06-16,XHS,476128,39043,16161,48287.17
C0183,2025-06-12,XHS,280517,12780,8804,25390.85
C0184,2025-01-18,Wechat,190239,17892,12716,40092.43
C0185,2025-03-15,XHS,578913,71530,14671,46155.55
C0186,2025-03-11,XHS,320642,46136,14784,41302.51
C0187,2025-06-19,Douyin,183020,10809,19226,74847.28
C0188,2025-03-30,XHS,523576,26942,13336,35160.63
C0189,2025-06-30,Douyin,582833,45390,18289,22291.65
C0190,2025-03-22,Wechat,678481,63034,15976,43590.54
C0191,2025-05-08,Douyin,625661,83615,15526,35062.36
C0192,2025-02-18,Wechat,171252,18203,17159,64640.08
C0193,2025-05-06,Google,474880,39271,15560,27824.21
C0194,2025-02-18,XHS,193558,16172,17110,58198.46
C0195,2025-04-21,Douyin,432102,50612,17957,57748.37
C0196,2025-05-07,Google,497154,72769,10800,29380.1
C0197,2025-02-10,Wechat,342114,45647,16646,34123.41
C0198,2025-04-01,XHS,255483,14902,18082,36986.56
C0199,2025-02-24,Google,597762,61000,7437,23666.52
C0200,2025-05-08,Wechat,460263,43317,7255,21969.44
C0201,2025-03-03,XHS,157644,22447,14606,40788.2
C0202,2025-03-16,Wechat,448669,13983,11763,40893.99
C0203,2025-03-09,Wechat,638778,78172,16820,38265.52
C0204,2025-05-14,Wechat,796304,76191,8480,29914.82
C0205,2025-05-31,Google,584866,24614,13086,31983.31
C0206,2025-02-23,XHS,458781,65453,7083,10542.37
C0207,2025-04-23,Wechat,614404,46990,15745,16217.25
C0208,2025-04-28,Google,602401,19928,7397,26928.29
C0209,2025-05-21,XHS,722216,66818,12960,38353.59
C0210,2025-01-02,Wechat,285443,9904,13612,27762.9
C0211,2025-01-09,Douyin,481145,17648,8469,23691.37
C0212,2025-03-29,XHS,690445,92431,14683,56387.14
C0213,2025-06-23,Wechat,306886,28205,4314,8138.58
C0214,2025-04-04,Douyin,651642,89264,4523,14467.93
C0215,2025-04-06,XHS,238671,16389,19449,73065.71
C0216,2025-05-13,Wechat,405411,51822,17034,42568.75
C0217,2025-03-04,XHS,240607,10148,19959,38032.46
C0218,2025-02-20,XHS,264818,13563,6730,23419.49
C0219,2025-04-27,Wechat,715809,83964,10808,28224.6
C0220,2025-06-05,Google,568287,21576,14504,28439.59
C0221,2025-05-23,Google,611543,81171,19962,58225.51
C0222,2025-02-22,Google,242525,14370,8066,12592.16
C0223,2025-02-11,Wechat,437797,56641,6298,17524.23
C0224,2025-01-20,Douyin,679848,70073,13765,50667.52
C0225,2025-06-05,Google,180930,19891,17495,57937.99
C0226,2025-06-01,XHS,202412,23838,7498,27033.19
C0227,2025-04-14,XHS,356046,37630,5726,22591.61
C0228,2025-01-05,XHS,523431,76124,10424,15202.44
C0229,2025-03-07,Douyin,360018,32202,12806,29763.38
C0230,2025-03-24,Google,484931,35485,6971,20760.19
C0231,2025-02-05,Google,609212,19145,17308,57749.13
C0232,2025-04-09,Wechat,730778,88562,4084,14027.05
C0233,2025-05-11,Douyin,642666,77661,8649,30210.12
C0234,2025-05-24,Wechat,759504,27575,8880,25055.51
C0235,2025-02-17,Wechat,370748,27991,14080,32393.77
C0236,2025-02-28,Wechat,393499,56598,6511,14344.33
C0237,2025-04-07,Wechat,333439,34465,6662,24298.73
C0238,2025-03-18,XHS,742970,47756,4359,9046.35
C0239,2025-01-18,Google,166547,19578,3596,3832.61
C0240,2025-06-18,Google,129061,6100,11189,21486.24
C0241,2025-02-09,XHS,616893,80960,8376,21087.09
C0242,2025-02-10,Douyin,311347,46206,13712,17737.51
C0243,2025-03-27,Wechat,410078,60992,10747,36278.0
C0244,2025-05-18,Douyin,672800,28061,3258,9147.39
C0245,2025-05-25,Google,143040,15614,14372,18378.92
C0246,2025-03-14,Wechat,234276,19920,4662,9480.36
C0247,2025-03-08,Douyin,738030,82654,3899,7719.38
C0248,2025-04-04,Google,591614,32739,7603,17053.9
C0249,2025-06-13,Douyin,488731,22904,16390,29941.07
C0250,2025-02-27,Google,216071,6927,11233,14301.74
C0251,2025-05-29,XHS,491772,19698,12219,19420.87
C0252,2025-06-16,Douyin,624276,85273,16312,45264.46
C0253,2025-03-02,XHS,529184,26667,18023,19344.27
C0254,2025-02-20,Douyin,794108,101578,18028,64470.7
C0255,2025-05-05,Wechat,176989,22388,11734,32510.43
C0256,2025-05-12,Douyin,234745,16305,4220,14072.95
C0257,2025-05-27,Google,155647,15902,7467,17253.53
C0258,2025-03-08,Wechat,165258,23309,12139,47778.93
C0259,2025-06-09,Wechat,250875,21887,11620,40312.14
C0260,2025-03-30,Google,683630,41548,5705,9624.15
C0261,2025-04-24,Wechat,687890,76549,3626,10611.15
C0262,2025-02-20,Google,567788,44726,15847,57642.23
C0263,2025-01-23,Wechat,521844,49873,8079,12479.79
C0264,2025-01-17,Douyin,603625,89995,8795,15327.14
C0265,2025-02-26,Google,475996,63549,13505,14870.53
C0266,2025-06-26,Google,285581,31366,8569,21184.3
C0267,2025-03-16,Google,523526,34152,19731,26882.45
C0268,2025-03-17,XHS,194565,16668,16360,25946.31
C0269,2025-02-21,Wechat,438206,47335,17505,21004.88
C0270,2025-02-15,Douyin,649627,54869,5890,8162.58
C0271,2025-04-12,Wechat,148669,18285,13697,29089.09
C0272,2025-03-25,Google,652614,93274,13154,46127.01
C0273,2025-06-24,Wechat,488675,59889,5248,5256.79
C0274,2025-02-12,Wechat,162327,22858,7330,19593.29
C0275,2025-03-29,XHS,664270,92172,11633,28246.67
C0276,2025-03-24,Wechat,123127,8478,17699,47893.78
C0277,2025-05-11,Wechat,531496,58747,13660,14212.94
C0278,2025-04-19,XHS,505496,57026,11185,16097.05
C0279,2025-06-12,Douyin,456246,56723,10293,11546.84
C0280,2025-03-12,Wechat,480990,52550,13030,13699.92
C0281,2025-02-15,XHS,664703,94098,10866,27653.54
C0282,2025-06-13,XHS,243746,10709,5416,8515.67
C0283,2025-02-21,Douyin,171689,22725,10633,26283.43
C0284,2025-02-23,Google,253332,35744,7319,21670.05
C0285,2025-05-05,Douyin,299627,25772,10877,35732.13
C0286,2025-04-04,XHS,621541,35277,10111,17501.41
C0287,2025-05-02,Douyin,447555,18411,4397,14401.2
C0288,2025-04-30,XHS,668716,94205,18238,24494.43
C0289,2025-04-15,XHS,241873,10382,11897,15970.88
C0290,2025-04-29,Douyin,233613,23848,18773,19518.3
C0291,2025-04-13,XHS,380022,47602,6485,12555.74
C0292,2025-05-29,Google,731013,88725,4961,7631.48
C0293,2025-01-16,Wechat,491080,18749,16262,49850.47
C0294,2025-02-01,Douyin,565741,47150,17229,36723.68
C0295,2025-04-21,Douyin,674770,33596,13726,18366.04
C0296,2025-03-19,Wechat,513696,73042,17465,47237.42
C0297,2025-04-12,Google,352503,22190,8605,26359.29
C0298,2025-04-23,Google,698924,28038,16802,19327.21
C0299,2025-03-11,Wechat,397049,40273,6792,8128.11
C0300,2025-06-04,Douyin,710001,91608,10287,13609.7
C0301,2025-02-22,Wechat,493852,66758,12637,21996.4
C0302,2025-01-04,Douyin,569753,60815,12691,26464.54
C0303,2025-01-31,Douyin,578597,37544,8877,24180.96
C0304,2025-01-29,Wechat,524427,26213,18895,51457.28
C0305,2025-06-17,Douyin,257029,37466,11112,42122.99
C0306,2025-02-21,Douyin,738048,39448,17399,68885.39
C0307,2025-03-24,Wechat,291062,10675,5889,14026.97
C0308,2025-01-22,Wechat,400212,29247,15507,56700.19
C0309,2025-04-20,Google,217733,17723,7604,28090.59
C0310,2025-01-15,Google,453033,35604,11532,24462.79
C0311,2025-05-21,Wechat,101101,4553,3275,8696.98
C0312,2025-02-19,XHS,531670,32400,6672,11747.13
C0313,2025-02-20,Google,766250,107712,16258,63891.23
C0314,2025-05-13,Douyin,650693,79994,11925,44706.99
C0315,2025-05-25,Wechat,128959,6981,17049,24524.2
C0316,2025-02-05,Google,276636,10080,15392,51922.71
C0317,2025-06-21,Wechat,187409,25793,10262,29508.88
C0318,2025-06-27,Google,186044,20648,15292,26454.82
C0319,2025-04-22,Google,725123,50111,15518,23401.62
C0320,2025-04-20,Google,565335,69040,8528,17066.62
C0321,2025-04-09,XHS,378755,38304,9352,33637.27
C0322,2025-02-22,XHS,505198,22373,17645,40257.34
C0323,2025-01-22,Wechat,522021,23926,3650,4031.23
C0324,2025-03-29,XHS,412200,49904,5888,9524.42
C0325,2025-06-19,XHS,225897,18055,16291,18615.69
C0326,2025-02-01,Google,155022,10302,7388,9658.81
C0327,2025-03-06,XHS,718533,28987,17688,39092.47
C0328,2025-05-12,Douyin,148359,20919,4553,9962.3
C0329,2025-01-13,XHS,490466,49924,19298,36449.79
C0330,2025-05-25,Douyin,646275,81768,16969,30186.53
C0331,2025-05-17,Douyin,671251,53508,12778,20480.35
C0332,2025-04-07,Douyin,576616,59938,8181,22584.3
C0333,2025-06-27,XHS,716178,86817,7628,20414.65
C0334,2025-03-06,Wechat,385695,28574,18578,71768.27
C0335,2025-02-01,XHS,388500,46775,16818,46598.92
C0336,2025-04-24,Wechat,787609,94129,18557,65955.82
C0337,2025-04-13,XHS,576188,85238,5823,20815.73
C0338,2025-03-14,Douyin,246825,16989,10247,20782.15
C0339,2025-04-17,XHS,328450,32630,15887,23069.69
C0340,2025-06-20,Google,664588,86874,19860,40901.63
C0341,2025-01-01,Douyin,219508,20966,15585,23595.5
C0342,2025-02-01,Wechat,738931,58544,17632,39043.4
C0343,2025-03-30,Wechat,633980,52630,11929,20247.38
C0344,2025-05-09,Wechat,723583,54292,3890,4729.58
C0345,2025-02-20,Google,333380,16462,16123,56437.28
C0346,2025-05-16,Wechat,238755,27414,5989,12712.54
C0347,2025-02-08,XHS,137629,16493,3052,4309.89
C0348,2025-04-17,XHS,722834,101667,5531,19639.19
C0349,2025-05-25,XHS,105948,7515,7393,11353.22
C0350,2025-02-23,Douyin,419452,35035,6692,6754.12
C0351,2025-05-27,XHS,217657,26886,5119,15966.7
C0352,2025-06-28,XHS,392791,54297,14562,51536.93
C0353,2025-04-11,Google,388004,23324,12458,39066.94
C0354,2025-04-03,Google,792565,33647,16648,64102.23
C0355,2025-03-02,Wechat,473927,52625,15605,60373.43
C0356,2025-03-09,XHS,556425,42306,4780,11677.39
C0357,2025-04-26,Google,646306,36128,18562,38865.85
C0358,2025-01-23,XHS,652356,81392,8391,21233.69
C0359,2025-06-21,Douyin,576674,53082,11545,45320.02
C0360,2025-06-14,Google,698701,63710,18292,64714.73
C0361,2025-01-06,Douyin,424188,52959,9650,38555.97
C0362,2025-04-21,Wechat,101017,9205,4069,8910.06
C0363,2025-02-20,XHS,791261,87556,4091,13643.05
C0364,2025-04-26,Google,752304,46604,14038,28233.24
C0365,2025-02-09,Wechat,523850,68680,14409,21233.19
C0366,2025-06-25,Wechat,778395,68823,8612,19371.74
C0367,2025-04-09,Wechat,261114,35579,8222,24313.97
C0368,2025-01-31,Google,114015,14249,3727,13628.44
C0369,2025-04-19,Wechat,215908,30925,7191,22804.29
C0370,2025-05-20,Douyin,454124,28766,12479,48502.59
C0371,2025-03-21,Wechat,157070,7668,7437,20642.89
C0372,2025-05-03,Douyin,503111,38087,6938,7957.47
C0373,2025-05-28,XHS,760359,29535,19152,50843.65
C0374,2025-06-19,Douyin,733224,51781,11750,11823.44
C0375,2025-03-08,Google,146664,21173,10484,38423.93
C0376,2025-04-26,Wechat,673826,85908,5824,19385.63
C0377,2025-04-06,Wechat,336975,14979,4691,17674.69
C0378,2025-01-08,Douyin,533255,54808,17637,40919.55
C0379,2025-05-09,Google,679090,22521,13782,31610.21
C0380,2025-06-15,Wechat,362387,12925,13411,20211.02
C0381,2025-06-10,XHS,133105,19219,16221,41551.88
C0382,2025-05-25,Douyin,521045,41092,14680,21452.03
C0383,2025-05-18,Wechat,111773,3447,8563,13067.49
C0384,2025-04-25,Google,197003,11354,4518,12087.0
C0385,2025-06-15,Google,167139,8797,14730,19748.67
C0386,2025-05-11,Google,108144,7885,18568,46459.19
C0387,2025-02-12,Google,179376,14361,11291,16017.89
C0388,2025-01-06,Wechat,487464,46897,16262,63316.52
C0389,2025-05-26,Wechat,372121,38687,7916,15635.42
C0390,2025-05-10,XHS,744718,41147,10567,12858.5
C0391,2025-01-22,Wechat,117837,4033,6859,23355.74
C0392,2025-03-19,Douyin,709668,88295,7289,15699.7
C0393,2025-02-19,XHS,228337,10034,18685,21215.4
C0394,2025-04-19,XHS,453243,33268,8175,25421.71
C0395,2025-04-13,XHS,240817,32261,11131,35438.64
C0396,2025-03-31,XHS,376835,13798,14456,16174.0
C0397,2025-03-12,Google,754202,109034,12802,29077.83
C0398,2025-02-26,Wechat,185125,27259,16642,17806.54
C0399,2025-03-05,Google,320444,25505,9887,18746.68
C0400,2025-03-23,Wechat,267299,29323,18879,27165.15
C0401,2025-06-08,Google,401603,33372,15611,51195.99
C0402,2025-03-05,Douyin,292050,23023,19868,55221.03
C0403,2025-06-15,Google,391912,44442,11744,39900.77
C0404,2025-03-12,Google,447803,28928,15041,37909.3
C0405,2025-02-07,XHS,322131,10343,13069,25243.94
C0406,2025-05-05,Google,685745,52994,15055,49961.56
C0407,2025-06-05,Douyin,279746,31402,7312,10169.0
C0408,2025-03-27,XHS,679719,70637,7835,11452.81
C0409,2025-05-27,Douyin,212129,18293,9045,20081.62
C0410,2025-05-06,Google,474281,64266,11647,24558.39
C0411,2025-03-16,Wechat,146024,6417,6300,10703.16
C0412,2025-03-27,Google,521795,49127,13498,14185.74
C0413,2025-05-27,XHS,775477,50639,15221,15873.21
C0414,2025-02-14,XHS,767376,65865,15304,30107.6
C0415,2025-03-29,XHS,775822,93401,6048,17227.96
C0416,2025-02-27,Douyin,580324,63037,13830,52145.07
C0417,2025-01-05,Wechat,360242,41761,17995,64666.96
C0418,2025-06-27,Douyin,303426,9537,14098,26004.53
C0419,2025-02-25,Douyin,249346,12889,3590,5186.35
C0420,2025-02-04,XHS,609159,63318,13731,20640.89
C0421,2025-05-17,Google,387932,42135,3744,9726.5
C0422,2025-03-01,XHS,406374,22878,5186,14965.76
C0423,2025-06-02,Wechat,197352,26122,3268,7310.89
C0424,2025-02-07,Wechat,403036,57859,5205,6344.58
C0425,2025-03-24,Wechat,747982,44003,3951,13940.39
C0426,2025-05-09,XHS,694257,64716,7198,20860.55
C0427,2025-01-13,Douyin,679426,55489,14828,50402.68
C0428,2025-01-24,XHS,560528,81117,10049,19726.13
C0429,2025-04-17,Wechat,186760,21884,6709,25916.66
C0430,2025-06-06,Wechat,358631,29734,8524,16702.01
C0431,2025-04-15,Google,319502,12476,5937,7498.67
C0432,2025-02-24,Douyin,464953,38445,14880,24867.27
C0433,2025-06-20,Douyin,338764,10946,9317,19401.94
C0434,2025-05-19,XHS,244897,35941,4636,14626.89
C0435,2025-06-03,Google,562081,81539,11858,26748.73
C0436,2025-03-15,XHS,671467,34296,17896,54642.04
C0437,2025-05-16,Douyin,310579,21994,12753,13705.37
C0438,2025-02-05,XHS,534865,46097,18427,54956.73
C0439,2025-06-20,XHS,605116,63139,5412,13689.5
C0440,2025-02-24,Douyin,784800,67248,15991,61775.71
C0441,2025-04-11,Google,787782,40238,4167,10236.16
C0442,2025-02-23,Wechat,343439,39608,15471,45292.55
C0443,2025-01-15,XHS,150601,18840,8106,12455.81
C0444,2025-01-25,XHS,341419,36889,6378,19750.36
C0445,2025-06-23,Google,790051,117350,4176,6392.53
C0446,2025-04-22,Google,639371,61603,6193,14553.58
C0447,2025-03-12,XHS,738274,78498,17342,43249.07
C0448,2025-02-19,Wechat,254490,35165,5821,9257.19
C0449,2025-02-13,Wechat,111037,7349,6341,21526.35
C0450,2025-04-08,Wechat,231046,22654,3151,10869.09
C0451,2025-04-07,Wechat,679440,41189,10923,14639.1
C0452,2025-03-06,XHS,449762,36848,3178,3222.75
C0453,2025-05-16,XHS,792939,24536,19057,74372.17
C0454,2025-05-23,Douyin,692903,25449,13479,36266.96
C0455,2025-04-01,Douyin,621972,81293,5130,13374.05
C0456,2025-04-17,XHS,236466,22558,19617,22645.27
C0457,2025-03-13,Google,122302,8584,8531,18176.15
C0458,2025-03-15,XHS,789581,36733,12088,18937.79
C0459,2025-02-01,Google,679079,51076,14523,23104.31
C0460,2025-03-04,Douyin,788255,84526,16209,39034.28
C0461,2025-03-20,Wechat,503385,53777,14591,45537.73
C0462,2025-01-12,Douyin,167275,9182,12779,20879.74
C0463,2025-03-01,XHS,135136,20067,14322,49644.59
C0464,2025-03-14,Google,689361,56969,16478,30747.95
C0465,2025-03-18,Wechat,649749,39598,5573,10898.24
C0466,2025-06-29,XHS,562310,46308,17558,63050.18
C0467,2025-06-21,Douyin,179315,24012,11042,32632.89
C0468,2025-04-20,Douyin,498394,57140,15233,16040.51
C0469,2025-05-05,XHS,499088,22603,10489,18380.88
C0470,2025-06-29,Wechat,148800,10824,6122,7525.3
C0471,2025-06-26,Douyin,746058,59545,13661,36669.47
C0472,2025-04-30,XHS,775345,32305,6766,24317.74
C0473,2025-02-03,Google,766241,83875,15949,49927.57
C0474,2025-03-22,XHS,466005,55627,6308,20781.25
C0475,2025-01-01,Wechat,751155,88936,8391,16416.08
C0476,2025-01-21,Douyin,171374,6237,8609,21909.72
C0477,2025-02-14,XHS,555220,35041,17350,64301.45
C0478,2025-06-25,Wechat,349683,51249,18272,69260.75
C0479,2025-01-03,XHS,321207,26079,3967,5617.98
C0480,2025-05-09,Douyin,556880,49378,5457,5708.43
C0481,2025-03-09,Douyin,651918,61994,16659,18412.67
C0482,2025-04-25,XHS,670976,66315,13887,24514.02
C0483,2025-06-22,Douyin,327287,10478,8285,11088.01
C0484,2025-03-01,Douyin,649078,77251,19533,34232.05
C0485,2025-02-06,Wechat,422559,52459,8557,20895.2
C0486,2025-01-29,Google,385567,44256,8811,23316.13
C0487,2025-04-02,Douyin,783350,37762,16392,23442.07
C0488,2025-04-27,Google,164621,18537,11483,23696.37
C0489,2025-01-02,XHS,777618,54846,7879,8381.13
C0490,2025-05-29,Douyin,735402,62727,13751,50123.71
C0491,2025-04-07,Google,165735,16259,16263,30865.46
C0492,2025-05-13,XHS,736486,68537,10082,16454.0
C0493,2025-05-19,Douyin,797882,50840,19923,52798.7
C0494,2025-06-28,Wechat,591618,35093,18162,38512.25
C0495,2025-03-23,Google,388885,29968,10509,12197.1
C0496,2025-01-20,Douyin,227334,29885,11097,41978.95
C0497,2025-06-10,XHS,107272,9248,18618,64032.94
C0498,2025-02-14,Wechat,208995,23423,17523,26120.93
C0499,2025-03-26,XHS,573055,39280,15370,39201.81
C0500,2025-04-10,Douyin,455388,15837,8987,18102.22
C0501,2025-06-27,Google,415766,31481,10520,24526.94
C0502,2025-05-31,XHS,455498,59674,7469,12786.48
C0503,2025-04-25,Wechat,375653,17871,14913,23477.06
C0504,2025-01-16,Wechat,320015,9896,18199,50869.41
C0505,2025-03-08,Wechat,605224,33340,16855,18430.54
C0506,2025-02-22,XHS,413689,53146,7996,11803.09
C0507,2025-05-15,XHS,278042,37639,11667,18142.68
C0508,2025-02-18,XHS,233440,20433,9385,31415.41
C0509,2025-05-06,Google,713638,77898,19310,76421.95
C0510,2025-05-24,Google,519159,69308,12802,33215.65
C0511,2025-02-15,XHS,678278,96204,14712,38152.11
C0512,2025-04-04,Google,426738,37505,3055,10693.67
C0513,2025-02-22,Douyin,632042,58194,13603,45492.99
C0514,2025-03-07,Google,364969,15275,6360,20424.02
C0515,2025-02-01,XHS,404103,57547,4666,6981.8
C0516,2025-03-21,Google,550016,44694,16779,25014.56
C0517,2025-03-14,Douyin,116902,4228,16484,28566.45
C0518,2025-04-03,Wechat,189445,26381,7639,18042.73
C0519,2025-01-31,Douyin,593235,65986,7915,16986.29
C0520,2025-05-12,XHS,576514,67868,4003,15394.4
C0521,2025-06-15,Google,291503,9527,5360,14480.87
C0522,2025-06-04,Google,553205,71538,13470,27245.22
C0523,2025-04-18,Wechat,471411,25957,3891,10150.55
C0524,2025-06-11,XHS,602879,70723,8719,26471.11
C0525,2025-04-28,Wechat,696358,42121,17098,56202.85
C0526,2025-01-24,Douyin,213207,8983,3447,9301.4
C0527,2025-06-09,Google,337399,13042,8559,31176.59
C0528,2025-05-27,Wechat,592196,75585,6932,22497.1
C0529,2025-05-13,XHS,537763,58221,19656,37238.85
C0530,2025-01-18,Wechat,463867,40857,11699,31199.98
C0531,2025-03-04,XHS,693570,37457,7534,24506.43
C0532,2025-01-02,Google,206885,25482,10459,34910.8
C0533,2025-01-06,XHS,212505,22303,18090,65932.68
C0534,2025-02-17,Douyin,549639,54113,13358,48284.2
C0535,2025-06-18,Douyin,229517,32758,10343,36908.07
C0536,2025-05-13,XHS,558518,63558,10486,39658.3
C0537,2025-06-16,Douyin,535635,72871,15026,28723.02
C0538,2025-06-27,Wechat,676966,95055,12499,37812.8
C0539,2025-03-27,XHS,468295,16888,8314,14443.99
C0540,2025-02-07,Douyin,749820,67934,4012,4409.86
C0541,2025-01-18,XHS,210746,9862,17731,30618.0
C0542,2025-03-25,Douyin,214529,9848,18386,47243.79
C0543,2025-02-18,XHS,486399,31677,17026,51831.5
C0544,2025-02-25,Douyin,223810,21275,19647,57694.16
C0545,2025-03-12,Google,489714,47811,12915,40289.76
C0546,2025-04-20,Wechat,313802,12208,4697,4901.16
C0547,2025-04-21,Douyin,681183,67899,3079,10598.67
C0548,2025-02-13,Wechat,658964,92502,13327,20693.85
C0549,2025-01-16,Wechat,613439,80774,16271,46118.62
C0550,2025-04-09,Douyin,161688,21266,6955,11832.86
C0551,2025-05-24,Wechat,581142,77038,18159,29941.22
C0552,2025-06-26,Google,650980,64370,7715,11792.91
C0553,2025-03-31,Douyin,666815,80214,5612,19313.72
C0554,2025-01-28,Douyin,330779,14048,4318,9491.02
C0555,2025-06-02,Wechat,661704,69185,15148,52777.04
C0556,2025-03-07,Wechat,415139,14871,17700,36054.32
C0557,2025-01-31,Google,533759,38189,18994,72844.89
C0558,2025-04-03,XHS,246565,30573,13554,48870.74
C0559,2025-03-14,Google,554589,77402,7932,23426.63
C0560,2025-05-05,Google,451080,18991,16562,44151.45
C0561,2025-03-13,XHS,624566,71336,11857,23925.35
C0562,2025-06-23,Google,233705,23417,19229,72621.48
C0563,2025-05-09,Douyin,136872,15521,6317,7613.91
C0564,2025-04-25,Google,720982,67338,5418,5628.81
C0565,2025-05-07,Google,180009,20020,10082,29709.72
C0566,2025-02-22,XHS,725356,68545,16028,17789.8
C0567,2025-01-01,XHS,565996,71909,7531,19797.52
C0568,2025-04-11,Wechat,557132,79158,10316,36833.09
C0569,2025-05-30,Wechat,512837,32965,18093,51348.02
C0570,2025-01-16,Google,635809,48304,7152,10720.8
C0571,2025-06-13,XHS,184501,6898,5238,8355.76
C0572,2025-05-30,Douyin,554304,48458,7955,23793.15
C0573,2025-06-22,Douyin,603816,37238,18037,51294.52
C0574,2025-02-04,Google,509789,19985,13946,28933.95
C0575,2025-01-20,Wechat,250089,34314,17950,40802.78
C0576,2025-03-06,Google,640063,83238,9458,26049.65
C0577,2025-06-18,Wechat,353242,26948,14079,39439.2
C0578,2025-04-12,Google,514083,45808,3517,10638.1
C0579,2025-01-30,Wechat,238611,24526,19858,48317.95
C0580,2025-05-16,Douyin,349180,41772,11090,30572.82
C0581,2025-03-29,Wechat,320682,44548,4319,15436.5
C0582,2025-06-20,XHS,324221,43360,4860,17755.86
C0583,2025-06-30,Wechat,216635,15739,7008,18358.75
C0584,2025-05-07,XHS,440940,40406,5236,6848.93
C0585,2025-04-16,Google,380407,34064,18836,33608.91
C0586,2025-02-05,Google,593670,77095,6739,16133.11
C0587,2025-05-17,Google,201046,23657,3825,11164.02
C0588,2025-02-27,Google,707933,61518,5318,5409.14
C0589,2025-06-29,Wechat,693019,96304,15899,32076.89
C0590,2025-01-26,Google,383398,12096,16685,65702.89
C0591,2025-03-04,XHS,436026,22693,9916,36553.68
C0592,2025-06-27,Wechat,774820,47198,11843,33845.12
C0593,2025-04-02,Google,168892,7178,16918,51674.04
C0594,2025-05-01,Wechat,559417,47726,5672,22220.79
C0595,2025-06-20,Google,386356,46118,7006,17121.54
C0596,2025-06-30,XHS,437633,14210,18868,31454.87
C0597,2025-06-22,Douyin,138238,8132,4289,12767.85
C0598,2025-06-23,Wechat,283034,10151,7156,9599.51
C0599,2025-05-27,XHS,653658,76161,8133,13510.67
C0600,2025-01-18,Douyin,450205,26064,8158,28611.01
C0601,2025-01-09,Wechat,523545,66871,3444,11778.6
C0602,2025-02-07,Wechat,727168,100004,7900,14856.29
C0603,2025-06-24,Douyin,605929,71341,13010,18590.13
C0604,2025-06-03,XHS,344797,38607,3303,4165.97
C0605,2025-06-16,XHS,721193,102424,16664,62451.19
C0606,2025-01-11,Douyin,298136,43330,16764,59653.91
C0607,2025-04-03,Douyin,785662,60900,14938,53838.22
C0608,2025-06-29,XHS,228179,27039,13367,40290.03
C0609,2025-06-24,Wechat,337144,31859,10218,38952.7
C0610,2025-05-29,Douyin,210624,26994,16379,57231.81
C0611,2025-04-29,Wechat,107297,10406,5857,14797.89
C0612,2025-02-08,XHS,122161,3672,10955,38289.76
C0613,2025-05-29,Google,720452,90117,9975,15219.82
C0614,2025-01-22,XHS,244041,23745,11362,13281.51
C0615,2025-06-16,Douyin,541273,79302,5998,8045.98
C0616,2025-06-12,Wechat,202128,22300,8356,31132.93
C0617,2025-05-01,Wechat,364774,27285,15391,38242.41
C0618,2025-04-07,Wechat,360889,37561,17071,47962.61
C0619,2025-02-16,Google,749364,39872,19740,55246.37
C0620,2025-04-08,Google,401414,14881,17980,59791.45
C0621,2025-01-23,XHS,454859,60825,14743,19720.41
C0622,2025-06-27,Google,677259,94811,13783,19984.8
C0623,2025-03-02,Douyin,792340,30840,19096,41547.74
C0624,2025-05-08,XHS,129863,6469,10401,38070.33
C0625,2025-03-22,Wechat,139420,9968,16363,22577.32
C0626,2025-02-10,Google,632854,48658,3639,9520.34
C0627,2025-03-13,XHS,222615,9558,14206,36124.76
C0628,2025-05-11,Google,221038,14158,5838,14411.85
C0629,2025-03-20,Douyin,227003,15740,12638,39736.71
C0630,2025-05-14,XHS,376370,55626,16436,20170.45
C0631,2025-04-20,Douyin,408473,15429,4211,9406.74
C0632,2025-04-16,Wechat,503319,42547,7769,31068.75
C0633,2025-01-10,Google,345086,42961,7747,14353.96
C0634,2025-03-10,XHS,667693,24543,12350,30607.87
C0635,2025-02-18,XHS,784926,74017,17343,20898.04
C0636,2025-02-06,Douyin,307191,24933,3852,15066.79
C0637,2025-01-01,Wechat,591745,26316,11038,29842.8
C0638,2025-04-12,Douyin,330268,14113,16175,26527.07
C0639,2025-06-01,Wechat,403000,58210,15003,19671.79
C0640,2025-02-22,Douyin,729144,60693,15660,43364.51
C0641,2025-05-27,XHS,204279,16868,19524,24229.81
C0642,2025-06-18,Wechat,776861,116494,16142,36689.48
C0643,2025-05-26,Google,129666,11369,7389,17396.71
C0644,2025-02-20,Douyin,230565,22174,15132,38850.27
C0645,2025-01-10,Wechat,336983,45072,10013,36978.51
C0646,2025-05-23,XHS,434359,24160,13413,20313.86
C0647,2025-06-18,Google,178715,12753,8658,32606.21
C0648,2025-01-07,Douyin,413703,57212,11964,42236.29
C0649,2025-02-03,XHS,682974,71829,19712,54441.39
C0650,2025-01-26,Google,321011,22777,14365,42938.95
C0651,2025-03-29,Douyin,579713,81358,5301,7436.39
C0652,2025-06-14,XHS,171605,17943,12365,28291.55
C0653,2025-06-25,Google,797397,118704,3408,13062.21
C0654,2025-03-16,Google,587520,58148,4185,13103.91
C0655,2025-03-12,Google,523014,52715,15698,19972.33
C0656,2025-01-08,Douyin,407654,49552,6315,22585.5
C0657,2025-01-30,Google,243475,25855,11118,34698.73
C0658,2025-02-02,Douyin,298106,28138,11862,13734.44
C0659,2025-01-01,Wechat,223268,28656,9050,16308.7
C0660,2025-06-25,Douyin,668350,70402,18819,26756.67
C0661,2025-04-05,Wechat,405998,49913,12064,14330.19
C0662,2025-03-12,XHS,794607,118769,19077,67121.73
C0663,2025-06-03,Douyin,267842,28553,8364,10750.45
C0664,2025-03-03,Google,556201,66927,19302,62145.86
C0665,2025-05-21,XHS,197162,18273,6596,16796.69
C0666,2025-06-15,Wechat,397103,42120,12323,25660.75
C0667,2025-05-26,Wechat,474104,35215,7843,25363.05
C0668,2025-06-01,Wechat,749844,35082,6897,16724.8
C0669,2025-06-25,Google,353141,14338,3890,12460.3
C0670,2025-02-01,XHS,679994,58148,13463,44977.28
C0671,2025-06-13,Google,798087,28212,17175,19999.25
C0672,2025-05-25,Google,660756,65933,11347,33447.46
C0673,2025-05-20,XHS,613814,89284,17658,50944.43
C0674,2025-04-18,Douyin,302660,32893,16684,46386.5
C0675,2025-05-14,Google,723383,93610,6784,22611.65
C0676,2025-04-03,XHS,551267,56471,5076,8285.58
C0677,2025-03-01,XHS,243035,9363,5577,15245.19
C0678,2025-02-12,Wechat,285960,26286,17080,35966.07
C0679,2025-01-31,Wechat,679854,56980,6832,10723.03
C0680,2025-01-14,Douyin,585040,34067,12268,30583.03
C0681,2025-04-02,Google,757563,37318,11647,43361.52
C0682,2025-03-03,Google,234999,15873,16188,40686.34
C0683,2025-02-23,XHS,687351,70368,11657,23601.76
C0684,2025-04-28,XHS,595279,28348,13422,26536.53
C0685,2025-04-06,Wechat,776227,65165,7779,30402.38
C0686,2025-03-14,Wechat,545680,76800,13109,40748.85
C0687,2025-01-24,Douyin,155595,13398,5216,17473.32
C0688,2025-03-09,XHS,582079,51030,15143,51030.87
C0689,2025-02-01,Douyin,313303,15559,9214,32620.2
C0690,2025-04-27,Google,587343,80894,7868,30398.3
C0691,2025-05-20,XHS,238408,26743,13665,20289.66
C0692,2025-06-05,Wechat,786275,86184,8005,14722.88
C0693,2025-01-06,Google,638761,71571,17354,40854.32
C0694,2025-04-26,Douyin,222282,29451,10031,23371.4
C0695,2025-06-10,Google,156934,9879,12368,26660.74
C0696,2025-06-18,Wechat,532764,34461,11817,27343.88
C0697,2025-01-19,Google,438241,54669,13832,16088.81
C0698,2025-05-12,Google,779016,82458,17871,37028.97
C0699,2025-05-31,Google,713599,45664,8893,10942.07
C0700,2025-05-03,Google,538059,78662,5568,21640.44
C0701,2025-06-23,XHS,379216,47040,19597,42999.24
C0702,2025-02-14,XHS,714805,91958,8219,29485.17
C0703,2025-05-30,XHS,765027,75592,5842,6490.29
C0704,2025-02-06,Douyin,251400,19287,12020,46295.48
C0705,2025-05-14,XHS,317986,31995,17546,43032.12
C0706,2025-01-20,Douyin,181089,14101,10915,33463.1
C0707,2025-01-22,Wechat,160488,21299,11448,44452.12
C0708,2025-03-04,XHS,204198,10925,4089,9745.71
C0709,2025-04-21,XHS,610046,53731,13858,15841.31
C0710,2025-06-29,Wechat,721926,55730,13363,43578.28
C0711,2025-05-16,Wechat,716289,31080,12910,43871.95
C0712,2025-03-11,Douyin,258444,8466,7543,10733.56
C0713,2025-04-12,Wechat,780661,106908,13187,36401.54
C0714,2025-02-06,Google,281821,9640,16871,48067.68
C0715,2025-05-20,XHS,507615,34291,5932,12882.53
C0716,2025-05-15,Wechat,594601,33447,18343,46241.44
C0717,2025-05-06,Google,375853,52678,4599,11595.02
C0718,2025-05-14,Wechat,430568,33228,10261,23934.2
C0719,2025-06-12,XHS,713083,64619,7299,7652.17
C0720,2025-01-24,XHS,513665,46766,9375,18519.87
C0721,2025-02-02,Wechat,611675,87029,5047,6439.49
C0722,2025-02-01,Google,141591,6664,12819,18916.06
C0723,2025-05-09,XHS,726674,42513,6902,7395.37
C0724,2025-06-26,XHS,491044,56482,3519,6494.75
C0725,2025-03-18,Google,466626,60789,7009,19942.28
C0726,2025-04-07,Douyin,712933,48906,16465,52920.18
C0727,2025-04-17,XHS,337301,37751,3291,7669.09
C0728,2025-06-03,XHS,144288,13867,5180,9527.8
C0729,2025-05-26,XHS,457688,50507,15549,44383.72
C0730,2025-01-17,Wechat,659699,69601,18809,19231.69
C0731,2025-06-19,Douyin,725123,47962,14349,41770.86
C0732,2025-02-21,Google,767957,70957,14244,34235.74
C0733,2025-02-11,Google,760690,108631,13436,52652.49
C0734,2025-04-10,Google,786419,90162,8773,15802.99
C0735,2025-04-22,Douyin,393838,35847,6694,21054.7
C0736,2025-01-08,Google,487144,54641,13057,50719.87
C0737,2025-06-17,XHS,375659,22003,8446,32873.76
C0738,2025-03-09,XHS,221017,15800,14343,21291.75
C0739,2025-06-07,XHS,120860,13727,19153,51637.13
C0740,2025-04-28,Douyin,653755,78166,19162,61545.32
C0741,2025-04-20,Wechat,190226,15490,17839,27521.44
C0742,2025-01-17,Douyin,661355,61149,16681,33926.4
C0743,2025-03-21,Douyin,385396,15784,4120,4843.09
C0744,2025-03-18,Google,331010,25306,11736,17295.25
C0745,2025-06-03,Wechat,398753,15271,7291,10276.48
C0746,2025-05-28,Douyin,748396,27287,3059,11629.07
C0747,2025-06-02,Wechat,280340,34141,6104,12198.75
C0748,2025-03-02,Douyin,304496,36098,8740,26901.54
C0749,2025-03-31,Google,518393,23904,3203,3771.45
C0750,2025-05-02,XHS,327364,11206,9107,21485.58
C0751,2025-04-24,XHS,345918,17557,19236,67915.79
C0752,2025-05-10,Wechat,144625,12683,8206,11954.43
C0753,2025-06-21,XHS,733862,49705,3147,11881.25
C0754,2025-02-14,XHS,244466,33027,4142,12808.71
C0755,2025-03-18,Wechat,177933,23650,9398,27694.75
C0756,2025-03-10,Wechat,617029,22380,5182,18310.39
C0757,2025-03-03,XHS,216758,17021,5057,14234.22
C0758,2025-01-27,Wechat,315799,42930,19817,34411.66
C0759,2025-02-24,Wechat,338456,23863,16685,21828.36
C0760,2025-04-17,XHS,779461,72798,7170,18343.74
C0761,2025-01-28,Google,446677,23717,15239,40852.72
C0762,2025-06-28,Google,716856,41786,18143,35582.02
C0763,2025-04-30,Douyin,168914,21686,16576,42116.24
C0764,2025-02-03,Douyin,242566,18419,8275,18819.13
C0765,2025-03-18,Wechat,749658,75677,4309,12714.08
C0766,2025-04-26,Google,228334,11085,13694,39440.32
C0767,2025-06-08,Douyin,281363,41267,12118,15924.21
C0768,2025-03-30,XHS,345961,23598,7370,22643.08
C0769,2025-05-21,XHS,683441,57100,12263,15920.14
C0770,2025-06-11,Wechat,584716,47170,17466,27157.49
C0771,2025-06-21,Google,164894,23637,6557,20880.03
C0772,2025-05-13,Google,254947,11309,14533,40510.08
C0773,2025-02-21,Google,234265,30332,9617,11979.41
C0774,2025-02-15,XHS,649348,42114,14216,46578.42
C0775,2025-05-12,XHS,764678,85242,13356,40713.18
C0776,2025-04-22,Wechat,764826,23830,15349,21885.68
C0777,2025-06-27,Wechat,361671,15079,10145,37066.08
C0778,2025-02-13,Google,133139,18225,10898,14035.24
C0779,2025-06-28,Douyin,684634,88846,9234,10288.68
C0780,2025-02-07,Wechat,579758,68312,3215,7597.3
C0781,2025-05-24,Wechat,622878,80523,18317,37752.73
C0782,2025-05-31,Douyin,586973,54744,3647,7022.42
C0783,2025-01-03,XHS,585743,75454,3383,8647.95
C0784,2025-05-17,Douyin,384127,14130,12148,15100.71
C0785,2025-04-12,Douyin,451262,52182,9375,18936.26
C0786,2025-03-31,Wechat,620553,73186,17148,42045.81
C0787,2025-03-23,Wechat,660581,72660,4370,12705.31
C0788,2025-05-09,Wechat,734119,24668,14444,16257.67
C0789,2025-04-22,XHS,147810,5800,11539,25416.24
C0790,2025-04-12,XHS,230605,13489,14491,21541.29
C0791,2025-01-03,Wechat,729877,57311,6182,9392.01
C0792,2025-05-17,XHS,641395,86690,7472,25849.43
C0793,2025-03-22,XHS,333676,16478,13787,14859.91
C0794,2025-06-21,Google,467977,60480,9702,30255.69
C0795,2025-04-10,Douyin,791502,108076,12529,44458.86
C0796,2025-01-19,Google,246478,29393,14352,40388.76
C0797,2025-05-21,XHS,179133,17590,9372,29632.8
C0798,2025-02-05,XHS,649008,65332,16971,32189.92
C0799,2025-04-13,XHS,420357,29141,13568,35517.81
C0800,2025-03-31,Google,751127,88392,6049,15158.91
C0801,2025-04-20,Google,297525,39237,9550,15612.63
C0802,2025-03-26,XHS,208702,6650,11974,22638.29
C0803,2025-01-04,Google,730708,57684,4185,9562.46
C0804,2025-01-26,Wechat,632805,46032,17595,54237.5
C0805,2025-01-14,Wechat,598555,66249,12230,14057.98
C0806,2025-01-16,Douyin,744789,75695,6587,16522.11
C0807,2025-06-23,XHS,205091,19832,16193,50007.6
C0808,2025-05-03,Google,544867,43762,16110,41883.91
C0809,2025-04-04,Wechat,514565,20542,6466,9411.07
C0810,2025-05-08,Wechat,359157,20786,12195,13518.58
C0811,2025-04-18,Google,733261,36923,7779,11498.63
C0812,2025-05-08,Google,481690,31066,14509,16841.1
C0813,2025-04-01,Wechat,508832,26240,4305,10189.91
C0814,2025-02-09,Google,697096,84222,10140,29588.0
C0815,2025-03-02,Douyin,502145,66698,6020,20603.52
C0816,2025-04-21,XHS,180331,10563,16972,41318.71
C0817,2025-06-16,XHS,549754,31147,9042,19708.77
C0818,2025-06-23,XHS,107985,6604,8424,15499.23
C0819,2025-01-27,Google,760209,108292,12363,21515.01
C0820,2025-04-01,Google,663097,29702,17939,28673.35
C0821,2025-06-11,XHS,374262,50244,4421,10204.67
C0822,2025-02-28,XHS,262331,25313,17366,41210.04
C0823,2025-04-26,XHS,588595,21134,16060,50919.16
C0824,2025-01-27,XHS,677155,44531,8491,27763.27
C0825,2025-05-20,Google,504713,40434,7708,27209.64
C0826,2025-05-16,Wechat,721648,71285,9609,27421.31
C0827,2025-06-30,Wechat,769650,81411,18002,33441.52
C0828,2025-03-30,Wechat,635802,63726,5225,10420.3
C0829,2025-03-07,XHS,355865,35356,5101,10683.61
C0830,2025-02-08,Wechat,360839,38157,7861,26194.66
C0831,2025-01-03,Wechat,606297,51034,9351,24004.27
C0832,2025-02-20,Douyin,104899,13144,4438,8239.6
C0833,2025-01-16,Wechat,532337,40611,13336,38326.82
C0834,2025-02-03,Google,379633,53599,7857,24178.9
C0835,2025-02-04,Google,731867,81094,11404,44193.24
C0836,2025-01-04,XHS,653948,89833,14281,18664.29
C0837,2025-04-02,XHS,503822,47468,10183,10492.56
C0838,2025-06-11,Google,741352,101664,15718,46869.75
C0839,2025-06-12,Douyin,798721,70122,7138,18752.46
C0840,2025-05-19,Wechat,280085,17638,11722,28412.03
C0841,2025-06-01,Wechat,773896,60715,3695,6570.74
C0842,2025-01-21,Douyin,485459,69483,6824,10540.07
C0843,2025-02-20,Google,293288,9317,15405,45195.91
C0844,2025-05-29,Google,799485,93537,8079,18135.88
C0845,2025-06-16,Douyin,589215,85744,8604,11174.52
C0846,2025-01-23,Douyin,517960,52301,15208,35456.74
C0847,2025-01-29,Wechat,353646,46904,11767,18314.24
C0848,2025-06-09,Wechat,758949,23509,9661,9803.81
C0849,2025-06-14,XHS,748323,82572,14346,35205.32
C0850,2025-04-21,XHS,262223,23844,14614,42458.57
C0851,2025-01-22,Google,520016,69742,13298,13769.5
C0852,2025-05-04,Wechat,178861,14074,12817,17269.89
C0853,2025-04-06,Douyin,658018,91232,13422,18953.91
C0854,2025-05-01,Wechat,580398,29531,17294,65850.51
C0855,2025-05-03,Wechat,707621,105914,4511,11512.45
C0856,2025-02-22,Google,335378,28663,11703,31648.91
C0857,2025-04-15,Google,373478,21486,16307,29762.84
C0858,2025-04-01,XHS,302749,37802,6785,10222.57
C0859,2025-06-21,Douyin,693235,74196,13412,39376.44
C0860,2025-03-04,Wechat,437780,30684,13684,20865.89
C0861,2025-04-25,Douyin,744349,34229,11346,40395.11
C0862,2025-04-03,XHS,252909,30861,9312,17388.85
C0863,2025-04-05,Wechat,648874,66184,19982,29860.91
C0864,2025-06-09,Wechat,369936,27189,17453,67282.55
C0865,2025-05-18,Google,642307,56080,5639,13082.15
C0866,2025-06-02,Douyin,756472,42030,5778,22968.23
C0867,2025-04-15,Google,366759,45523,12730,17182.99
C0868,2025-04-17,XHS,794472,64286,15874,59483.38
C0869,2025-01-30,Google,659001,87185,4235,8291.61
C0870,2025-05-13,XHS,139731,12497,5286,13388.18
C0871,2025-05-07,XHS,758182,63158,17564,44663.88
C0872,2025-01-13,Douyin,515555,45428,15111,41578.23
C0873,2025-05-12,Google,119742,12123,7092,10182.82
C0874,2025-01-31,Wechat,131488,6941,3456,13713.77
C0875,2025-02-27,Wechat,493420,37632,19267,50912.92
C0876,2025-05-30,Wechat,681737,66453,16577,24389.63
C0877,2025-06-19,Douyin,678752,88698,11220,38596.68
C0878,2025-03-26,Google,311365,39149,12727,13626.91
C0879,2025-03-21,Douyin,554643,46376,19837,74862.81
C0880,2025-05-25,Douyin,284908,22938,13091,46051.53
C0881,2025-01-16,Google,278647,33799,14724,52794.31
C0882,2025-05-01,Google,287008,29845,3941,4952.39
C0883,2025-01-27,XHS,667967,56296,11025,40119.56
C0884,2025-02-20,Douyin,441378,33667,8992,22013.5
C0885,2025-01-03,Douyin,310020,23095,3735,10968.79
C0886,2025-02-16,Douyin,484175,66101,4872,19239.33
C0887,2025-06-25,Google,186158,13062,10975,16867.51
C0888,2025-01-16,Wechat,253360,8473,6668,11251.0
C0889,2025-02-15,Wechat,591007,18605,3773,5583.13
C0890,2025-04-14,Wechat,292622,16727,19783,29250.33
C0891,2025-03-28,Douyin,704265,51432,12746,42705.84
C0892,2025-05-26,Wechat,320622,41404,6783,15221.14
C0893,2025-03-22,Google,497759,48125,13741,37882.57
C0894,2025-02-18,Douyin,737994,83887,15991,52635.03
C0895,2025-06-25,Douyin,209573,10409,7356,10443.97
C0896,2025-02-08,XHS,231456,20456,7290,20233.69
C0897,2025-03-02,Google,332033,16657,12318,44980.66
C0898,2025-03-07,Google,277965,29411,6644,24890.92
C0899,2025-03-17,Wechat,682017,87675,13879,46015.89
C0900,2025-02-13,Google,742568,101489,7135,11611.02
C0901,2025-05-19,Google,500312,35373,6343,9569.45
C0902,2025-03-14,XHS,618938,77028,6725,16570.35
C0903,2025-04-28,XHS,370179,49116,19997,50455.58
C0904,2025-05-02,XHS,540687,46965,4366,5843.3
C0905,2025-06-09,Wechat,278666,16090,15386,15438.92
C0906,2025-04-24,Google,278584,36790,19896,28695.77
C0907,2025-06-17,Google,252797,7587,10120,17977.73
C0908,2025-06-15,XHS,375986,30089,7806,21626.81
C0909,2025-02-10,Wechat,793374,75514,18432,67782.83
C0910,2025-06-18,Douyin,471295,67165,8167,21512.82
C0911,2025-01-13,Google,610692,60783,12554,24366.64
C0912,2025-06-13,XHS,265716,32611,19248,43371.48
C0913,2025-05-11,XHS,165845,23667,16782,48299.33
C0914,2025-01-13,Wechat,734366,50734,16359,46526.14
C0915,2025-01-14,Wechat,331023,18141,9015,19848.69
C0916,2025-01-08,XHS,614571,43380,17283,60693.01
C0917,2025-04-18,Google,157999,6372,13339,30311.62
C0918,2025-02-08,XHS,120264,11925,3985,12046.43
C0919,2025-02-11,XHS,756702,51924,18265,50680.48
C0920,2025-04-22,XHS,435279,16769,18918,45072.81
C0921,2025-02-17,Douyin,141764,18207,10653,12003.9
C0922,2025-01-11,Douyin,622868,75065,3401,12096.31
C0923,2025-06-03,Google,368526,22223,9935,26560.99
C0924,2025-06-08,Douyin,501873,18860,14742,16954.31
C0925,2025-03-08,XHS,626902,56932,7797,16258.46
C0926,2025-03-15,XHS,516829,69794,13473,50279.11
C0927,2025-02-27,Douyin,347253,17734,10839,20805.98
C0928,2025-05-27,Douyin,792142,88635,13493,43778.91
C0929,2025-01-14,Wechat,590800,47314,4097,6504.35
C0930,2025-05-01,Douyin,534958,44963,4905,9218.62
C0931,2025-04-18,Google,244213,25714,13597,47050.95
C0932,2025-04-16,XHS,388988,48349,12401,44324.65
C0933,2025-01-15,Wechat,629442,53498,4111,16029.63
C0934,2025-04-09,XHS,247131,25521,19358,44481.02
C0935,2025-01-14,Douyin,738373,76252,5966,15307.64
C0936,2025-05-12,Douyin,373581,46926,13400,19172.7
C0937,2025-05-09,Douyin,191065,20669,8153,11671.28
C0938,2025-05-25,Google,701553,70623,4660,7945.23
C0939,2025-01-07,Wechat,208982,26557,8749,29021.11
C0940,2025-06-15,Google,239346,18082,6465,24741.37
C0941,2025-01-19,Wechat,578067,47943,8954,35741.34
C0942,2025-01-07,Wechat,664523,42799,19529,59725.29
C0943,2025-03-15,Douyin,491245,59872,4065,5839.98
C0944,2025-03-27,Wechat,413690,50193,6381,24034.59
C0945,2025-05-06,Douyin,182048,24941,7007,19825.54
C0946,2025-06-18,Douyin,580621,54462,6222,17590.81
C0947,2025-03-19,Google,510132,45897,14188,31860.38
C0948,2025-03-24,Wechat,452754,67731,16257,38891.47
C0949,2025-05-13,XHS,377442,33497,9339,14139.37
C0950,2025-06-30,Google,420675,54793,14816,58898.76
C0951,2025-02-27,Wechat,739008,82132,16411,54722.91
C0952,2025-06-03,Douyin,786099,30600,8263,10456.04
C0953,2025-04-10,Google,538869,80400,14598,22111.59
C0954,2025-01-21,Google,341318,18335,13463,29638.72
C0955,2025-03-26,XHS,575023,53498,10863,21859.09
C0956,2025-02-28,XHS,422176,16599,19720,72250.98
C0957,2025-06-10,XHS,626093,86795,15947,60517.26
C0958,2025-05-25,Wechat,215541,17931,19260,38907.74
C0959,2025-06-15,Douyin,233305,31008,13082,23845.3
C0960,2025-02-02,Wechat,473268,61241,16747,24571.61
C0961,2025-03-27,Google,767491,24848,16635,25825.21
C0962,2025-05-18,XHS,259953,36046,13508,38980.64
C0963,2025-03-03,Google,227689,13674,7583,25449.72
C0964,2025-03-13,Douyin,348807,27912,15827,25951.79
C0965,2025-02-08,Google,208634,10226,13934,26265.89
C0966,2025-01-23,Google,236601,13432,14090,30670.85
C0967,2025-02-01,Wechat,441343,43263,7824,14629.1
C0968,2025-06-15,Google,166464,17111,12815,25674.5
C0969,2025-05-13,Google,585499,86081,8292,23807.69
C0970,2025-05-21,Douyin,713278,30117,16031,48072.64
C0971,2025-03-15,Wechat,697465,57500,4930,12330.48
C0972,2025-06-27,Google,392099,40341,14890,26609.31
C0973,2025-01-06,XHS,510715,26379,8441,15551.44
C0974,2025-04-05,Wechat,742637,37491,3103,12305.12
C0975,2025-05-09,Douyin,476223,24507,12948,47637.84
C0976,2025-04-11,Douyin,511181,64074,5698,18352.32
C0977,2025-04-02,XHS,613390,23478,8823,15685.5
C0978,2025-06-15,Google,153360,10126,9529,35033.74
C0979,2025-01-15,Douyin,430721,14260,19567,40412.01
C0980,2025-05-09,Wechat,756204,63739,14411,52817.98
C0981,2025-01-09,Google,345568,35841,11083,24621.86
C0982,2025-05-27,XHS,758437,74019,14414,37431.21
C0983,2025-01-05,Douyin,420152,27228,7135,12209.9
C0984,2025-03-07,XHS,141179,5363,13362,46419.53
C0985,2025-03-24,Douyin,165474,18918,11129,41638.78
C0986,2025-01-15,XHS,412177,54530,8662,10330.38
C0987,2025-01-31,Google,159464,9700,16963,40589.48
C0988,2025-04-10,Wechat,309507,34217,11317,40422.81
C0989,2025-04-26,Wechat,113575,5747,11743,18766.34
C0990,2025-04-08,Google,127719,8064,4663,13188.03
C0991,2025-05-23,Douyin,317979,46884,18380,63522.88
C0992,2025-06-29,Wechat,235486,30804,14196,51552.09
C0993,2025-06-28,Google,527678,78709,12260,29258.78
C0994,2025-05-30,XHS,611404,69292,12651,21054.89
C0995,2025-06-30,Douyin,418224,51493,19551,77547.84
C0996,2025-02-17,Douyin,252302,11835,12556,17349.11
C0997,2025-06-19,XHS,327943,37202,6329,24991.14
C0998,2025-05-17,Douyin,707770,79402,4153,7018.26
C0999,2025-03-09,Google,425817,18354,6497,25450.79
C1000,2025-03-22,Douyin,142064,20270,11588,21250.75
